A861,A693,A863,A863,A863,A863,A863,A863,A863,A864,A863,A863,A863,A863,A863,A1089,B1090,A1091,A863,A863,A863,A863,A863,A693,A864,A863,A863,A863,A863,A863,A693,A866
A917,AA721,,,,,,,,A892,A123,,,,,,,,,,,,,A721,A892,,,,,,A721,A922
A917,,,,,,,,,A892,,,,,,,,,,,,,,,A920,,,A123,,,,A922
A917,,,,Z643,,,A123,,A892,,,,,,,,,,,,,,,,,,,,,,A922
A917,,,,,,,,,A892,,,,,,,,,,,,,,,,,,Z643,,,,A922
A917,,,,,A1029,A1030,A1030,A1030,A895,,,,,B693,,,,B693,,,,,,A923,,,,,,,A922
A917,,,,,,,,,,,,,,A721,,,,A721,,,,,,A951,,,,,,,A922
A1060,,,,,,,,,,,,,,,,,,,,,,,,A923,A1030,A1030,A1030,A1030,A1030,A1030,A1031
B1088,,Aheros,,,,,,,,,,,,,,Z643,,,,,,,,,,,,,,,A1059
A1116,,,,,,,,,,,,,,B693,,,,B693,,,,,,,,,,,,,B1087
A917,,,,,,,,,,,,,,A721,,,,A721,,,,,,,,,,,,,A1115
A917,,,,,,,,,,,,,,,,,,,,,,,,,,Z643,,,,,A922
A917,,,,,,,,,,,,,,,,,,,,,,,,,,,,,,,A922
A1001,A1002,A1002,A1002,A1002,A1002,A1002,A1002,A1002,A1007,,,,,,,,,,,,,,,A1005,A974,A974,A974,A974,A974,A974,A978
A917,,,,A123,,,,,A920,,,,,,,,,,,,,,,A950,A839,A839,A839,A839,A839,A839,A839
A917,,,,Z643,,,,,,,,,,,,,,,,,,,,A950,A839,A839,A839,A839,A839,A839,A839
A917,,,,,,,,,,,,,,,,,,,,,,,A123,A950,A839,A839,A839,A839,A839,A839,A839
A973,A974,A974,A974,A974,A974,A974,A974,A974,A974,A974,A974,A974,A974,A974,A1061,B1062,A1063,A974,A974,A974,A974,A974,A974,A978,A839,A839,A839,A839,A839,A839,A839
