A714,A715,A715,A715,A715,A715,A715,A715,A717,A34,A35,A715,A715,A715,A715,A715,A715,A58,A715,A715,A715,A715,A715,A715,A909,A910,A715,A715,A715,A911,A715,A719
A742,,A59,,A59,,A59,,A773,A62,A63,,,,,,,,,,,,,,A937,A938,,,,A939,A693,A747
A742,,,,,,,,,,,,,,,,,,,,,,,,,,,,,,,A747
A742,,,,,,,,,,,,,,,,,,,,,,,,,,,,,,,A747
A742,,,,A693,,,,A776,,,,,,,,,,,,,A858,A859,,,,,,,,,A747
A854,A855,A855,A855,A855,A855,A855,A855,A748,,,,,,,,,,,,,A886,A887,,,,,,,,,A747
A770,A693,,,,,,,,,,,,,,,,,,,,,,,,,,,,,,A747
A770,,,,,,,,,,,,,,,,,,,,,,,,,,,,,,,A58
A770,,,,,,,,,,,,,,,,,,,,,,,,,,,,,,,A747
A58,,,,,,,,A888,A855,A855,A855,A855,A855,A855,A855,A855,A856,,,,,,,,,,,,,,A747
A770,,,,,,,,A804,A59,,,,,,,,,,,,,,,,,,,,,,A747
A770,,,,,,,A59,A804,,,,,,,,,,,,,,,,,,,,,,,A747
A770,,,,,,,,A804,A59,,,,,,,,,,,,,,,,,,,,A858,A859,A747
A770,,,,,,,A59,A804,,,,,,,,,,,,,,,,,A693,,,,A886,A887,A747
A770,,,,,,,,A804,A59,,,,,,,,A830,A827,A827,A827,A827,A827,A827,A827,A827,A827,A827,A827,A827,A827,A831
A770,,,,,,,A59,A804,,,,,,,,,A775,A699,A699,A699,A699,A699,A699,A699,A699,A699,A699,A699,A699,A699,A699
A770,A693,,,,,,,A804,A59,,,,,,,A693,A775,A699,A699,A699,A699,A699,A699,A699,A699,A699,A699,A699,A699,A699,A699
A826,A827,A827,A827,A827,A827,A827,A827,A832,A827,A827,A827,A827,A827,A827,A827,A827,A831,A699,A699,A699,A699,A699,A699,A699,A699,A699,A699,A699,A699,A699,A699
