A700,A701,A701,A701,A701,A701,A703,A701,A701,A701,A701,A701,A701,A701,A701,A701,AdoorT,A701,A701,A701,A701,A701,A701,A701,A703,A701,A701,A701,A701,A701,A701,A705
A756,A338,,Achest,,,A731,,,,,,,,,,,,,,,,,,A731,,,,Achest,,,A733
A756,,,,,,A731,,,,,,A129,,,,,,,Aenemy,,,,,A731,A58,,,,,,A733
A756,,Aenemy,,A58,,A731,,A644,A645,,,,,,,,,A91,A92,,,A58,Achest,A731,,A644,A645,,Aenemy,,A733
A756,,,,,,A731,,A672,A673,,Aenemy,,,,A129,,,A119,A120,,,,,A731,,A672,A673,,,,A733
A756,,,,A339,,A731,,,,,,,,,,Ahero,,,,,,,,A731,,,,,,A58,A733
A756,,,A868,A869,A869,A734,,,A58,,,,,,,,,,,,,,,A731,Aenemy,A129,,,,,A733
A756,,,,,,A129,,,,,,,,A644,A645,,,A127,A128,,,,,A759,,,,,A129,,A733
AdoorL,,,,,,,,,,,,,,A672,A673,Achest,A154,A155,A181,,,,,,,,,,,,A733
A756,,,A370,A371,,,,,,,,,,,A127,A128,A182,A183,,,,,A627,,A627,,A627,,,,AdoorR
A756,,,A398,A399,,,,,,,,,,A154,A155,A156,A157,Achest,,,,,A655,,A655,,A655,,,,A733
A756,,,,,,,,,,,,,A58,A182,A183,A184,A185,,,A129,,,,,,,,,,,A733
A840,A841,A841,A841,A841,A841,A841,A841,A841,A842,,,A816,A813,A813,A813,A813,A813,A813,A814,,,,A627,,A627,,A627,,,,A733
A756,,,A129,Achest,A58,,,,,,,A789,,,,,,,A784,,,,A655,,A655,Achest,A655,,A644,A645,A733
A756,,,,,,,A129,,,,,A789,,,,,,,A784,,,,Aenemy,,,,A644,A645,A672,A673,A733
A756,,A338,,Aenemy,,,,,,A58,,A789,,,,,,,A784,,A129,,,,,,A672,A673,A339,,A733
A756,,,A339,,,,,,,,,A789,,,,,,,A784,,,,,,,,,,,,A733
A812,A813,A813,A813,A813,A813,A813,A813,A813,A813,A813,A813,A817,,,,,,,A812,A813,A813,A813,A813,A813,A813,A813,A813,A813,A813,A813,A817
