,,,,,,,,,,,,,,,,,,,,,,,,,,,,,,,,,,,,,,,,,,,,,,,,,,,,,,,,,,,,,,,,,,,,,,,,,,,,,,,,,,,,,,,,,,,,,,,,,,,,,,,,,,,,,,,,,,,,,,,,,,,,,,,,,,,,,,,,,,,,,,,,,,A087,A090,,,,,,,,,,,,,,,,,,,,,,,,,,,,,,,,,,,,,,,,,
,,,,,,,,,,,,,,,,,,,,,,,,,,,,,,,,,,,,,Acoin,,,,,,,,,,,,,,,,,,,,,,,,,,,,,,,,,,,,,,,,,,,,,,,,,,,,,,,,,,,,,,,,,,,,,,,,,,,,,,,,,,,,,,,,,,,,,,,,,,,,,,,,,,,,,A087,A090,,,,,,,,,,,,,,,,,,,,,,,,,,,,,,,,,,,,,,,,,
,,,,,,,,,,,,,,,,,,,,,,,,,,,,Acoin,,,,,,D214,D376,D376,D214,,,,,,,,,,,,,,,,,,,,,,,,,,,,,,,,,,,,,,,,,,,,,,,,,,,,,,,,,,,,,,,,,,,,,,,,,,,,,,,,,,,,,,,,,,,,,,,,,,,,,,,,C299,C184,C300,,,A152,A153,,,,,,,,,,,,,,,,,,,,,,,,,,,,,,,,,,,,,,,,,
,,,,,,,,,,,,,,,,,,,Acoin,,,,,,,,,A151,,,,,,D246,,,D246,,,,,,,,,,,,,,,,,,,,,,,,,,,,,,,,,,,,,,,,,,,,,,,,D182,D183,D184,D184,D185,D186,D187,,,,,,Acoin,,,,,,,,,,,,,,,,,,,,,,,,,,,,,,,,,,,,,,,,,,,,C305,C306,C332,,,,,,,,,,,,,,,,,,,,,,,,,,,,,,,,,,,,,,,,,,,,,
,,,,,,,,,,,,,,,,,,C299,C184,C300,,,,,,,,,,,,C299,C184,C300,,,D246,,,,,,,,,,,,,,,,,,,,Z534,,,,,,,,,,,,,,,,,,,,,,,,,,,,,D215,D216,D216,D217,D218,,,,,,A054,A059,,,,,,,,,,,,,,,,,,,,,,,,,,,,,,,,,,,,,,,,,,,,C305,C306,C332,,,,,,,,,,,,,,,,,,,,,,,,,Acoin,,,,,,,,,,,,,,,,,,,,
,Ahero,,,,,,,,,,,,,,,,,C305,C306,C332,,,,,,,,,,,,C305,C306,C332,,,D246,,,,,,,,,A151,,,,,,,,Z473,Z474,Z475,D214,Z473,Z474,Z475,,,,,,,,,,,,,,,,,,,,,,,C432,C395,C395,C395,C395,C395,C397,D218,,,,,,,,,,,,,,,,,,,,,,,,,,,,,,,,,,,,,,,,,,,,,,,,,,,C305,C306,C332,,,,,,,,,,,,,,,,,,,,,,,,,Z534,,,,,,,,,,,,,,,,,,,,
,,Z473,Z474,Z475,,Z473,Z474,Z475,,,,,,,,B432,B433,B397,C306,C332,,,A299,A300,,,B432,B433,B433,B433,B433,B397,C306,C332,,,D246,,,,,,,,,,,,,,,,,Z505,Z506,Z507,D246,Z505,Z506,Z507,,Z503,Z504,,,,,,,,,,,,,,,,,,,,C464,C465,C465,C465,C465,C465,C429,D218,,,,A151,,,,,,,,A394,A397,,,,A394,A397,,,,,,,,,,,,A432,A397,,Z503,Z504,,,,A394,A395,A396,A397,,,,,,,,B432,B433,B397,C306,C332,,,A432,A397,,,,,,,,,,,,Z473,Z474,Z475,,Z473,Z474,Z475,,,D214,,,,,,,,,,,Z473,Z474,Z475,Z473,Z474,Z475,,,,
,,Z505,Z506,Z507,,Z505,Z506,Z507,,,,,,,,B464,B466,B429,C306,C332,,,A331,A332,,,B464,B466,B466,B466,B466,B429,C306,C332,,,B432,B433,B397,,,,A365,Z534,Z534,Z534,Z534,Z534,Z534,,,,Z534,Z537,Z538,Z539,D246,Z537,Z538,Z539,,Z535,Z536,Z534,,,Z565,Z565,,,,,,,,,,,,,B182,B183,B184,B184,B184,B184,B300,C465,C429,D218,,,,,,,,,,,A394,A088,A429,,,,A087,A088,A397,,,,,,,A432,A397,,,A464,A429,,Z535,Z536,,,A394,A088,A088,A088,A429,,,,A394,A397,,,B464,B466,B429,C306,C332,,,A087,A429,,,A394,A397,,Z503,Z504,,,Z503,Z504,Z505,Z506,Z507,,Z505,Z506,Z507,,,D246,,,,,Z503,Z504,Z503,Z504,,,Z505,Z506,Z507,Z505,Z506,Z507,,,,
,,Z537,Z538,Z539,Z534,Z537,Z538,Z539,Z567,,Z533,Z534,Z534,,,B464,B466,B429,C306,C332,,,A331,A332,,,B464,B466,B466,B466,B466,B429,C306,C332,,,B464,B466,B429,,A432,A433,A433,A433,A433,A433,A433,A433,A433,A433,A056,A056,A056,A056,A056,A056,A056,A056,A056,A056,A056,A056,A056,A056,A056,A056,A056,A058,A397,,,,,,,Z534,Z534,Z534,,,,B215,B216,B216,B216,B216,B332,C465,C429,D218,,,,,,,,,,A394,A088,A088,A429,,,,A087,A088,A088,A397,Z533,Z533,Z533,Z533,Z533,A464,A429,Z533,Z533,A464,A429,Z533,B240,B241,Z533,A394,A088,A088,A088,A088,A429,Z533,Z533,Z533,A464,A429,Z533,Z533,B464,B466,B429,C306,C332,Z533,,A087,A429,Z533,Z533,A464,A429,Z533,Z535,Z536,,,Z535,Z536,Z537,Z538,Z539,,Z537,Z538,Z539,,,D246,,,,Z566,Z535,Z536,Z535,Z536,Z565,Z565,Z537,Z538,Z539,Z537,Z538,Z539,,,,
A054,A055,A056,A056,A056,A056,A056,A056,A056,A056,A056,A056,A056,A056,A056,A056,A056,A056,A056,A056,A056,A056,A056,A056,A056,A056,A056,A056,A056,A056,A056,A056,A056,A056,A056,A056,A056,A056,A056,A056,A056,A464,A465,A465,A465,A465,A465,A465,A465,A465,A465,A465,A465,A465,A465,A465,A465,A465,A465,A465,A465,A465,A465,A465,A465,A465,A465,A465,A136,A429,,,,,A054,A055,A056,A056,A056,A056,A056,A056,A056,A056,A056,A056,A056,A056,A056,A056,A056,A056,A056,A056,A058,A059,,,A432,A433,A088,A088,A088,A429,,,,A464,A088,A088,A088,A056,A056,A056,A056,A056,A056,A056,A056,A056,A056,A056,A056,A056,A056,A056,A088,A088,A088,A088,A088,A088,A056,A056,A056,A056,A056,A056,A056,A056,A056,A056,A056,A058,A059,,A152,A056,A056,A056,A056,A056,A056,A056,A056,A056,A056,A056,A056,A056,A056,A056,A056,A056,A056,A056,A056,A056,A056,A056,A056,A056,A056,A056,A056,A056,A056,A056,A056,A056,A056,A056,A056,A056,A056,A056,A056,A058,A059
